{"schemaVersion":"1.0","appDefinitionTemplate":{"id":"/providers/Microsoft.PowerApps/apps/","type":"Microsoft.PowerApps/apps","tags":{"primaryDeviceWidth":"640","primaryDeviceHeight":"1136","sienaVersion":"20200914T130618Z-3.20085.19.0","deviceCapabilities":"","supportsPortrait":"true","supportsLandscape":"false","primaryFormFactor":"Phone","publisherVersion":"3.20085.19","minimumRequiredApiVersion":"2.2.0","hasComponent":"false","hasUnlockedComponent":"false","isUnifiedRootApp":"false"},"properties":{"appVersion":"2020-09-14T13:06:18Z","lifeCycleId":"Published","createdByClientVersion":{"major":3,"minor":20085,"build":19,"revision":0,"majorRevision":0,"minorRevision":0},"minClientVersion":{"major":3,"minor":20085,"build":19,"revision":0,"majorRevision":0,"minorRevision":0},"backgroundColor":"rgba(0, 176, 240, 1)","backgroundImageUri":"/4476053687799533951/Nfd32fe5f-bd1d-4a18-992c-cc6d43e4e21f-logoSmallFile","displayName":"TallyLife-msa","description":"","commitMessage":"","appUris":{"documentUri":{"value":"/4476053687799533951/N3a1c346a-5e33-4ef6-8588-d282b17ecba3-document.msapp","readonlyValue":"/4476053687799533951/N3a1c346a-5e33-4ef6-8588-d282b17ecba3-document.msapp"},"imageUris":[]},"createdTime":"0001-01-01T00:00:00Z","lastModifiedTime":"0001-01-01T00:00:00Z","sharedGroupsCount":0,"sharedUsersCount":0,"icons":{"smallIconUri":"/4476053687799533951/N5a4a58a9-8e9e-4ac1-827b-d3c92895bbac-small.png","mediumIconUri":"/4476053687799533951/Nad13de3b-fad3-4093-897b-acc0d48be473-medium.png","largeIconUri":"/4476053687799533951/Nb5b989b8-770c-4e3f-b482-66eab8d64639-large.png","wideIconUri":"/4476053687799533951/N9355e239-b21b-415a-958d-18b7aaa67c42-wide.png"},"connectionReferences":{},"databaseReferences":{},"almMode":"Environment","performanceOptimizationEnabled":true,"canConsumeAppPass":true},"isAppComponentLibrary":false,"appType":"ClassicCanvasApp","appComponents":[]}}